id,name,source,website,phone,email,facebook,instagram,linkedin,pagespeed_mobile,pagespeed_desktop,created_at,updated_at,address,city,state,zip_code,category,rating,reviews,twitter,youtube,hours,description,yelp_url,campaign_status,last_contact,contact_count,session_id,session_name
1,Carlton Charles A MD,Google Maps,http://www.texasmedicalinstitute.com/?y_source=1_MTI5MjIzMTUtNzE1LWxvY2F0aW9uLndlYnNpdGU%3D,+1 817-926-2561,,,,,,,2026-03-18T23:18:42.150803,2026-03-19T02:33:58.405844,,,,,,,,,,,,,,,,,
2,HealthTexas Primary Care Doctors (Wurzbach Clinic),Google Maps,https://healthtexas.org/primary-care/new-braunfels/,+1 830-515-1280,HTMG.Marketing@HealthTexas.org,https://www.facebook.com/HealthTX/,https://www.instagram.com/healthtexas/,https://www.linkedin.com/company/healthtexaspcp,,,2026-03-18T23:18:58.072213,2026-03-18T23:18:58.072213,,,,,,,,,,,,,,,,,
3,HealthTexas Primary Care Doctors (Leon Valley Clinic),Google Maps,https://healthtexas.org/primary-care/sa/southwest-military/,+1 210-924-2337,HTMG.Marketing@HealthTexas.org,https://www.facebook.com/HealthTX/,https://www.instagram.com/healthtexas/,https://www.linkedin.com/company/healthtexaspcp,,,2026-03-18T23:19:06.914715,2026-03-18T23:19:06.914715,,,,,,,,,,,,,,,,,
4,HealthTexas Primary Care Doctors (Val Verde Clinic),Google Maps,https://healthtexas.org/primary-care/sa/val-verde/,+1 210-921-4200,HTMG.Marketing@HealthTexas.org,https://www.facebook.com/HealthTX/,https://www.instagram.com/healthtexas/,https://www.linkedin.com/company/healthtexaspcp,,,2026-03-18T23:19:16.592355,2026-03-18T23:19:16.592355,,,,,,,,,,,,,,,,,
5,Texas Physician House Calls,Google Maps,http://texashousecalls.com/,+1 972-675-7313,admin@texashousecalls.com,https://www.facebook.com/TexasHomeHealthCare,https://www.instagram.com/texashousecalls/,https://www.linkedin.com/company/texas-house-calls/,,,2026-03-18T23:19:28.492455,2026-03-18T23:19:28.492455,,,,,,,,,,,,,,,,,
6,Texas Tech Physicians Medical Pavilion,Google Maps,https://www.texastechphysicians.com/services/clinics.aspx?utm_medium=TexasTechPhysiciansMedicalPavilion&utm_source=GMBSocialClimb,+1 806-743-2669,,,,,,,2026-03-18T23:19:53.001610,2026-03-19T02:31:03.836181,,,,,,,,,,,,,,,,,
7,Texas Family & Geriatric Clinic | Family Medicine & Geriatric Medicine,Google Maps,http://seniorcareclinic.net/,+1 713-468-2358,clinic903@gmail.com,,,,,,2026-03-18T23:20:02.807256,2026-03-18T23:20:02.807256,,,,,,,,,,,,,,,,,
8,"Lisa Abbott, MD",Google Maps,https://txtelehealth.com/?utm_source=googlebusiness&utm_medium=organic&utm_campaign=gbp-dfw&utm_content=main-button,+1 903-213-5515,info@txtelehealth.com,https://www.facebook.com/TXTelehealth,,,,,2026-03-18T23:20:16.853936,2026-03-18T23:20:16.853936,,,,,,,,,,,,,,,,,
9,Texas Tech Physicians of El Paso,Google Maps,https://ttpelpaso.com/,+1 915-215-8000,,,,,,,2026-03-18T23:20:38.698945,2026-03-19T02:31:51.800102,,,,,,,,,,,,,,,,,
10,UT Physicians Multispecialty - Greens,Google Maps,https://www.utphysicians.com/clinic/ut-physicians-multispecialty-greens/?utm_source=extnetwork&utm_medium=YextListings&utm_campaign=56738,+1 713-486-5600,,https://www.facebook.com/UTPhysicians,https://www.instagram.com/utphysicians/,https://www.linkedin.com/company/ut-physicians,,,2026-03-18T23:21:01.557758,2026-03-19T02:32:53.995449,,,,,,,,,,,,,,,,,
11,Abilene Primary Care,Google Maps,http://abileneprimarycareclinic.com/,+1 325-231-4667,user@domain.com,https://www.facebook.com/profile.php?id=61577077240304,https://www.instagram.com/abileneprimarycare/,https://www.linkedin.com/company/commonspirithealth,,,2026-03-18T23:21:27.921447,2026-03-19T00:51:22.515467,,,,,,,,,,,,,,,,,
12,Houses Call Doctors of Texas,Google Maps,http://www.housecallsdoc.com/,+1 281-218-7200,,https://www.facebook.com/PriviaInc,https://www.instagram.com/priviahealth,https://www.linkedin.com/company/privia-health,,,2026-03-18T23:21:58.764276,2026-03-18T23:22:11.854953,,,,,,,,,,,,,,,,,
13,"West Texas Health, PLLC",Google Maps,https://www.care.texashealth.org/thpg/adult-care-8210-walnut-hill-lane-suite-718-dallas,+1 214-345-5999,,,,,,,2026-03-18T23:22:53.382024,2026-03-18T23:23:13.322700,,,,,,,,,,,,,,,,,
14,Texas Medical Center: Primary Care,Google Maps,https://www.westtexashealth.com/,+1 325-794-5422,info@westtexashealth.com,,,,,,2026-03-18T23:23:32.122663,2026-03-18T23:24:04.729727,,,,,,,,,,,,,,,,,
15,"Dr. Donna M. Jordan, DO",Google Maps,http://www.mdvip.com/doctors/jamespurpurado?utm_campaign=listing-yext&st-t=rep_&utm_source=google&utm_medium=organic,+1 325-793-5290,,,,,,,2026-03-18T23:24:38.068371,2026-03-18T23:24:44.475438,,,,,,,,,,,,,,,,,
16,"Steve M Gao, MD",Google Maps,https://www.hendrickhealth.org/find-a-provider/min-s-gao-md/,+1 325-670-5570,,https://www.facebook.com/hendrickhealth,https://www.instagram.com/hendrickhealth/,https://www.linkedin.com/company/hendrick-health-system/,,,2026-03-18T23:25:02.771823,2026-03-19T02:33:05.978279,,,,,,,,,,,,,,,,,
17,Wiseman Family Practice - Abilene,Google Maps,https://www.hendrickhealth.org/find-a-provider/min-s-gao-md/,+1 325-670-6460,,https://www.facebook.com/hendrickhealth,https://www.instagram.com/hendrickhealth/,https://www.linkedin.com/company/hendrick-health-system/,,,2026-03-18T23:25:30.043548,2026-03-18T23:25:30.043548,,,,,,,,,,,,,,,,,
18,Texas Tech Physicians of Lubbock,Google Maps,https://www.wisemanfamilypractice.com/locations/abilene/,+1 325-777-1190,info@wisemanfamilypractice.com,https://www.facebook.com/wisemanhealth,https://www.instagram.com/wisemanhealth/,https://www.linkedin.com/company/wisemanhealth/,,,2026-03-18T23:25:47.524618,2026-03-18T23:25:47.524618,,,,,,,,,,,,,,,,,
19,Texas Health Care PLLC,Google Maps,https://www.texastechphysicians.com/clinics/lubbock/default.aspx,+1 806-747-1780,,,,,,,2026-03-18T23:26:05.711035,2026-03-19T02:11:17.081005,,,,,,,,,,,,,,,,,
20,"Kathryn J Barton, APN",Google Maps,https://www.facebook.com/tyefamilycare,+1 325-701-7977,,,,,,,2026-03-18T23:26:38.706286,2026-03-18T23:26:38.706286,,,,,,,,,,,,,,,,,
21,"Jennifer Attmore, MD",Google Maps,https://www.abilenefamilypractice.com/,+1 325-672-3252,,https://www.facebook.com/abilenefamilypractice/,,,,,2026-03-18T23:27:15.263472,2026-03-19T02:11:31.934053,,,,,,,,,,,,,,,,,
22,"T Welch, MD",Google Maps,https://www.bswhealth.com/physician/t-welch?utm_source=pg-google&utm_medium=organic&utm_campaign=29985-9717516-1720040637,+1 979-207-3636,,,,,,,2026-03-18T23:27:52.547509,2026-03-19T02:33:49.596209,,,,,,,,,,,,,,,,,
23,"Brenda Y. Chavez, MD",Google Maps,https://www.hendrickhealth.org/,+1 325-670-2000,,https://www.facebook.com/hendrickhealth,https://www.instagram.com/hendrickhealth/,https://www.linkedin.com/company/hendrick-health-system/,,,2026-03-18T23:28:30.879817,2026-03-18T23:28:46.869177,,,,,,,,,,,,,,,,,
24,Abilene Center for Orthopedic & Multispeciality,Google Maps,https://www.facebook.com/profile.php?id=61567176543219,+1 325-793-5109,,https://web.facebook.com/login/device-based/regular/login/?login_attempt=1&next=https%3A%2F%2Fweb.facebook.com%2Fpeople%2FBrenda-Y-Chavez-MD%2F61567176543219%2F,,,,,2026-03-18T23:28:57.797319,2026-03-18T23:29:09.263094,,,,,,,,,,,,,,,,,
25,"ENT Allergy, Asthma and Immunology Center",Google Maps,http://www.acomsurgery.com/,+1 325-232-8110,Erika.Painter@healthcrest.com,,,,,,2026-03-18T23:29:25.096024,2026-03-18T23:29:25.096024,,,,,,,,,,,,,,,,,
26,"Clifford L. Deprang, MD",Google Maps,https://www.hendrickhealth.org/find-a-provider/james-a-sweet-md/,+1 325-307-6226,,https://www.facebook.com/hendrickhealth,https://www.instagram.com/hendrickhealth/,https://www.linkedin.com/company/hendrick-health-system/,,,2026-03-18T23:29:43.813612,2026-03-18T23:30:01.872629,,,,,,,,,,,,,,,,,
27,DAVID W LONGLEY,Google Maps,http://www.colemancountymc.com/,+1 325-625-3533,melissa.ereman@colemancountymc.com,https://www.facebook.com/Coleman-County-Medical-Center-450989214985528/,,,,,2026-03-18T23:30:20.787349,2026-03-19T02:12:49.727502,,,,,,,,,,,,,,,,,
28,Texas Medical Association,Google Maps,http://www.texmed.org/,+1 512-370-1300,,,,,,,2026-03-18T23:31:14.686445,2026-03-19T02:13:59.994583,,,,,,,,,,,,,,,,,
29,"Grant E Jameson, MD",Google Maps,http://www.thchospitalist.com/,+1 817-740-8400,,https://www.facebook.com/PriviaInc,https://www.instagram.com/priviahealth,https://www.linkedin.com/company/privia-health,,,2026-03-18T23:31:51.214531,2026-03-18T23:31:51.214531,,,,,,,,,,,,,,,,,
30,Ballinger Memorial Hospital,Google Maps,https://www.ballingerhospital.org/,+1 325-365-2531,administration@bmhd.org,,,,,,2026-03-18T23:32:26.394075,2026-03-18T23:32:26.394075,,,,,,,,,,,,,,,,,
31,"Randy C Daniell, MD",Google Maps,http://www.ttuhsc.edu/?utm_source=GMBSocialClimb&utm_medium=TexasTechUniversityHealthSciencesCenter,+1 806-743-2669,,,,,,,2026-03-18T23:33:02.267425,2026-03-19T02:17:40.229892,,,,,,,,,,,,,,,,,
32,Eric Zavaleta,Google Maps,http://www.adamspediatrics.com/,+1 325-695-1600,contactus@adamspediatrics.com,https://www.facebook.com/AdamsPediatrics/,,,,,2026-03-18T23:34:31.621156,2026-03-18T23:34:31.621156,,,,,,,,,,,,,,,,,
33,Abilene Lung Physicians,Google Maps,https://weence.com/medical/doctors/abilene/douglas-fullerton/,+1 325-691-1899,,,,,,,2026-03-18T23:35:02.892714,2026-03-18T23:35:22.815715,,,,,,,,,,,,,,,,,
34,"Violeta Baddour, MD",Google Maps,https://www.hendrickhealth.org/find-a-provider/violeta-t-baddour-md/,+1 325-670-4590,,https://www.facebook.com/hendrickhealth,https://www.instagram.com/hendrickhealth/,https://www.linkedin.com/company/hendrick-health-system/,,,2026-03-18T23:35:55.163979,2026-03-19T02:14:55.646835,,,,,,,,,,,,,,,,,
35,"Dr. Tushar Shah, MD",Google Maps,http://www.ehendrick.org/main/find-a-physician/walker-gary-md-167.aspx,+1 325-670-2519,,https://www.facebook.com/hendrickhealth,https://www.instagram.com/hendrickhealth/,https://www.linkedin.com/company/hendrick-health-system/,,,2026-03-18T23:36:19.408979,2026-03-19T02:14:48.553667,,,,,,,,,,,,,,,,,
36,"Preston L Pate, MD",Google Maps,http://acmapediatric.com/,+1 325-677-6070,,https://www.facebook.com/AbileneChildrensMedicalAssociation/?ref=aymt_homepage_panel,https://www.instagram.com/docsonamission/?hl=en,,,,2026-03-18T23:36:41.079443,2026-03-18T23:36:41.079443,,,,,,,,,,,,,,,,,
37,Doctors Clinic Houston - North Freeway,Google Maps,https://healthtexas.org/primary-care/sa/wurzbach/,+1 210-616-7300,HTMG.Marketing@HealthTexas.org,https://www.facebook.com/HealthTX/,https://www.instagram.com/healthtexas/,https://www.linkedin.com/company/healthtexaspcp,,,2026-03-19T00:01:59.019816,2026-03-19T00:57:25.794560,,,,,,,,,,,,,,,,,
38,Texas Health Family Care,Google Maps,https://www.care.texashealth.org/thpg/family-care-400-west-arbrook-suite-101-arlington,+1 817-801-1456,,,,,,,2026-03-19T00:02:25.045621,2026-03-19T02:30:45.145389,,,,,,,,,,,,,,,,,
39,Texas Tech Physicians: Family Medicine,Google Maps,https://texastechphysicians.com/clinics/midland/family-medicine.aspx?utm_source=GMBSocialClimb&utm_medium=TexasTechPhysicians%3AFamilyMedicine,+1 432-620-5800,,,,,,,2026-03-19T00:02:43.751211,2026-03-19T02:30:26.530569,,,,,,,,,,,,,,,,,
40,"Jamie Willits, MD",Google Maps,https://www.abilenedocs.com/?utm_source=gmb_auth,+1 325-695-6370,,,,,,,2026-03-19T00:03:18.216118,2026-03-19T02:32:23.304293,,,,,,,,,,,,,,,,,
41,Lago Mar Medical Clinic,Google Maps,https://www.lagomarmedical.com/,+1 409-944-8513,emily@vas4hire.com,https://www.facebook.com/LAGOMARCLINIC/,https://www.instagram.com/lagomarmedical/?hl=en,,,,2026-03-19T00:03:33.551667,2026-03-19T00:03:33.551667,,,,,,,,,,,,,,,,,
42,Texas Regional Physicians,Google Maps,https://www.texasregionalphysicians.com/,+1 713-489-1741,referral@texasregionalclinic.comInsurance,https://www.facebook.com/txregional,https://www.instagram.com/texasregionalphysicians/,https://www.linkedin.com/company/texas-regional-physicians,,,2026-03-19T00:03:52.064561,2026-03-19T00:50:28.053568,,,,,,,,,,,,,,,,,
43,"Nathan Boles, DO",Google Maps,http://www.chistlukeshealth.org/primary-care-2028,+1 832-355-5575,,https://www.facebook.com/commonspirithealth,https://www.instagram.com/commonspirithealth,https://www.linkedin.com/company/commonspirithealth,,,2026-03-19T00:06:27.082052,2026-03-19T02:32:16.617531,,,,,,,,,,,,,,,,,
44,Texas Medical Clinic,Google Maps,,,,,,,,,2026-03-19T00:20:46.025165,2026-03-19T00:20:46.025165,,,,,,,,,,,,,,,,,
45,Texas Total Healthcare,Google Maps,,,,,,,,,2026-03-19T00:21:33.184639,2026-03-19T00:21:33.184639,,,,,,,,,,,,,,,,,
46,Annie Drachenberg,Google Maps,https://www.abilenefamilypractice.com/,+1 325-672-3252,,https://www.facebook.com/abilenefamilypractice/,,,,,2026-03-19T00:22:05.193452,2026-03-19T02:11:26.681809,,,,,,,,,,,,,,,,,
47,"Jennifer Attmore, MD",Google Maps,,,,,,,,,2026-03-19T00:22:36.407860,2026-03-19T00:22:36.407860,,,,,,,,,,,,,,,,,
48,"Arundhati Harati, MD",Google Maps,https://www.hendrickhealth.org/find-a-provider/jaxon-w-jordan-md/,+1 325-437-3687,,https://www.facebook.com/hendrickhealth,https://www.instagram.com/hendrickhealth/,https://www.linkedin.com/company/hendrick-health-system/,,,2026-03-19T00:23:39.480868,2026-03-19T02:11:54.110281,,,,,,,,,,,,,,,,,
49,"J. Paul Reynolds, MD",Google Maps,http://www.colemancountymc.com/,+1 325-625-3533,melissa.ereman@colemancountymc.com,https://www.facebook.com/Coleman-County-Medical-Center-450989214985528/,,,,,2026-03-19T00:24:42.758113,2026-03-19T02:12:41.272676,,,,,,,,,,,,,,,,,
50,Carlton Charles A MD,Google Maps,,,,,,,,,2026-03-19T00:25:45.909351,2026-03-19T00:25:45.909351,,,,,,,,,,,,,,,,,
51,Abilene Surgical Associates - Oral and Maxillofacial Surgery,Google Maps,https://www.abilenesurgicalassociates.com/,+1 325-437-3100,info@abilenesurgicalassociates.com,,,,,,2026-03-19T00:26:17.936926,2026-03-19T02:12:57.675496,,,,,,,,,,,,,,,,,
52,Jaxon Jordan,Google Maps,https://www.hendrickhealth.org/find-a-provider/jaxon-w-jordan-md/,+1 325-437-3687,,https://www.facebook.com/hendrickhealth,https://www.instagram.com/hendrickhealth/,https://www.linkedin.com/company/hendrick-health-system/,,,2026-03-19T00:39:46.528381,2026-03-19T02:11:46.733922,,,,,,,,,,,,,,,,,
53,"Gibel Cedeno, MD",Google Maps,https://www.hendrickhealth.org/find-a-provider/gibel-s-cedeno-md/,+1 325-428-5630,,https://www.facebook.com/hendrickhealth,https://www.instagram.com/hendrickhealth/,https://www.linkedin.com/company/hendrick-health-system/,,,2026-03-19T00:40:17.966095,2026-03-19T02:11:39.093845,,,,,,,,,,,,,,,,,
54,Wray T James Do,Google Maps,http://abilenedocs.com/,+1 325-695-6370,,,,,,,2026-03-19T00:40:49.804481,2026-03-19T02:12:02.563290,,,,,,,,,,,,,,,,,
55,"Dr. Pacuraru, Anca",Google Maps,,,,,,,,,2026-03-19T00:41:20.895848,2026-03-19T00:41:20.895848,,,,,,,,,,,,,,,,,
56,Texas LDN Doctor,Google Maps,https://www.ldntelemedicine.com/,+1 469-708-9408,,,,,,,2026-03-19T00:41:52.302774,2026-03-19T02:12:11.655733,,,,,,,,,,,,,,,,,
57,"Jason Bell, DO",Google Maps,https://www.hendrickhealth.org/find-a-provider/jason-c-bell-do/,+1 325-670-6460,,https://www.facebook.com/hendrickhealth,https://www.instagram.com/hendrickhealth/,https://www.linkedin.com/company/hendrick-health-system/,,,2026-03-19T00:42:24.341785,2026-03-19T02:12:19.411264,,,,,,,,,,,,,,,,,
58,"Anton Melnyk, M.D.",Google Maps,https://www.hendrickhealth.org/find-a-provider/farley-b-neasman-md/,+1 325-428-4790,,https://www.facebook.com/hendrickhealth,https://www.instagram.com/hendrickhealth/,https://www.linkedin.com/company/hendrick-health-system/,,,2026-03-19T00:42:55.989543,2026-03-19T02:15:08.928694,,,,,,,,,,,,,,,,,
59,"Elliott Vann, MD",Google Maps,https://www.hendrickhealth.org/hendrick-clinic/bone-and-joint/,+1 325-672-4372,,https://www.facebook.com/hendrickhealth,https://www.instagram.com/hendrickhealth/,https://www.linkedin.com/company/hendrick-health-system/,,,2026-03-19T00:43:27.723838,2026-03-19T02:12:27.182692,,,,,,,,,,,,,,,,,
60,Bacchus & Vaughan Neurology Associates LLP,Google Maps,https://www.texasoncology.com/providers/cancer-care/anton-melnyk,+1 325-692-0188,,https://www.facebook.com/TexasOncology,,https://www.linkedin.com/company/texasoncology,,,2026-03-19T00:43:58.836335,2026-03-19T02:15:25.673197,,,,,,,,,,,,,,,,,
61,"Dr. J T. Trammell, MD",Google Maps,,,,,,,,,2026-03-19T00:45:02.523114,2026-03-19T00:45:02.523114,,,,,,,,,,,,,,,,,
62,Daniel Vaughan,Google Maps,,,,,,,,,2026-03-19T00:45:33.924183,2026-03-19T00:45:33.924183,,,,,,,,,,,,,,,,,
63,"Dr. Thomas L. Headstream, MD",Google Maps,,,,,,,,,2026-03-19T00:46:05.330076,2026-03-19T00:46:05.330076,,,,,,,,,,,,,,,,,
64,"Prabhu Udayakumar, MD",Google Maps,https://www.hendrickhealth.org/find-a-provider/prabhu-d-udayakumar-md/,+1 325-670-4590,,https://www.facebook.com/hendrickhealth,https://www.instagram.com/hendrickhealth/,https://www.linkedin.com/company/hendrick-health-system/,,,2026-03-19T00:47:40.278083,2026-03-19T02:13:41.901077,,,,,,,,,,,,,,,,,
65,UT Physicians,Google Maps,https://www.utphysicians.com/,+1 888-488-3627,,https://www.facebook.com/UTPhysicians,https://www.instagram.com/utphysicians/,https://www.linkedin.com/company/ut-physicians,,,2026-03-19T00:51:58.737036,2026-03-19T02:33:18.298359,,,,,,,,,,,,,,,,,
66,HealthTexas Primary Care Doctors (Southwest Military Clinic),Google Maps,https://healthtexas.org/primary-care/sa/wurzbach/,+1 210-616-7300,HTMG.Marketing@HealthTexas.org,https://www.facebook.com/HealthTX/,https://www.instagram.com/healthtexas/,https://www.linkedin.com/company/healthtexaspcp,,,2026-03-19T00:57:21.795361,2026-03-19T00:57:21.795361,,,,,,,,,,,,,,,,,
67,"Tim Martin, MD",Google Maps,https://www.drmartinfp.com/,+1 325-232-8675,chellby@docmartincares.com,https://www.facebook.com/docmartincares/,,,,,2026-03-19T02:09:14.119272,2026-03-19T02:09:14.119272,,,,,,,,,,,,,,,,,
68,"Mark E Lawrence, DO, FACC",Google Maps,https://www.hendrickhealth.org/find-a-provider/mark-e-lawrence-do-facc/,+1 325-793-3100,,https://www.facebook.com/hendrickhealth,https://www.instagram.com/hendrickhealth/,https://www.linkedin.com/company/hendrick-health-system/,,,2026-03-19T02:14:16.687276,2026-03-19T02:14:16.687276,,,,,,,,,,,,,,,,,
69,"Dr. Gary D. Walker, MD",Google Maps,http://www.ehendrick.org/main/find-a-physician/walker-gary-md-167.aspx,+1 325-670-2519,,,,,,,2026-03-19T02:14:37.085327,2026-03-19T02:14:37.085327,,,,,,,,,,,,,,,,,
70,"Farley Neasman III, MD",Google Maps,https://www.hendrickhealth.org/find-a-provider/farley-b-neasman-md/,+1 325-428-4790,,https://www.facebook.com/hendrickhealth,https://www.instagram.com/hendrickhealth/,https://www.linkedin.com/company/hendrick-health-system/,,,2026-03-19T02:15:01.088663,2026-03-19T02:15:01.088663,,,,,,,,,,,,,,,,,
71,Texas Tech University Health Sciences Center at Amarillo,Google Maps,http://www.ttuhsc.edu/amarillo,+1 806-414-9608,,,,,,,2026-03-19T02:15:58.304404,2026-03-19T02:15:58.304404,,,,,,,,,,,,,,,,,
72,"Wendi Rice, CNM",Google Maps,https://www.hendrickhealth.org/hendrick-clinic/ear-nose-and-throat/,+1 325-437-3687,,https://www.facebook.com/hendrickhealth,https://www.instagram.com/hendrickhealth/,https://www.linkedin.com/company/hendrick-health-system/,,,2026-03-19T02:16:22.189706,2026-03-19T02:16:30.003066,,,,,,,,,,,,,,,,,
73,Texas Hand Center,Google Maps,https://www.hendrickhealth.org/find-a-provider/wendi-v-rice-cnm/,+1 325-794-5348,,https://www.facebook.com/hendrickhealth,https://www.instagram.com/hendrickhealth/,https://www.linkedin.com/company/hendrick-health-system/,,,2026-03-19T02:16:35.879708,2026-03-19T02:16:44.361783,,,,,,,,,,,,,,,,,
74,"Stuart A Martin, MD",Google Maps,https://www.texasoncology.com/oncologist/lute-oas,+1 325-692-0188,,https://www.facebook.com/TexasOncology,,https://www.linkedin.com/company/texasoncology,,,2026-03-19T02:16:53.129155,2026-03-19T02:17:03.414534,,,,,,,,,,,,,,,,,
75,Texas Tech University Health Sciences Center,Google Maps,http://www.victoryspinalcare.com/,+1 325-704-3310,info@victoryspinalcare.com,https://www.facebook.com/victoryspinalcare/,https://www.instagram.com/victoryspinalcare/,,,,2026-03-19T02:17:26.951661,2026-03-19T02:17:26.951661,,,,,,,,,,,,,,,,,
76,Dr. Stephen Johnson,Google Maps,https://www.hendrickhealth.org/find-a-provider/randy-c-daniell-md2/,+1 325-670-4000,,https://www.facebook.com/hendrickhealth,https://www.instagram.com/hendrickhealth/,https://www.linkedin.com/company/hendrick-health-system/,,,2026-03-19T02:17:48.208142,2026-03-19T02:17:48.208142,,,,,,,,,,,,,,,,,
77,MyEyeDr.,Google Maps,https://www.johnsonchiropracticabilene.com/,+1 325-695-5220,,,,,,,2026-03-19T02:17:58.270983,2026-03-19T02:17:58.270983,,,,,,,,,,,,,,,,,
78,"c.a.l.m. Healthcare | Medical Consultation, Weight Loss, Depression",Google Maps,http://www.calmhealthcaretexas.com/,,helpdesk@calmhealthcaretexas.com,https://www.facebook.com/calm.medicine/,https://www.instagram.com/c.a.l.m.healthcare/,,,,2026-03-19T02:18:06.728785,2026-03-19T02:18:06.728785,,,,,,,,,,,,,,,,,
79,209 NYC Dental,Google Maps,https://www.209nycdental.com/?utm_source=google&utm_medium=organic&utm_campaign=gmb,+1 212-355-2290,emergency@209nycdental.com,https://www.facebook.com/209nycDentist/,https://www.instagram.com/209nycdental/,,,,2026-03-24T03:20:52.805902,2026-03-24T03:20:52.805902,,,,,,,,,,,,,,,,,
80,Pearl Dental NYC,Google Maps,https://www.newyorkdentaloffice.com/,+1 212-548-3261,,https://www.facebook.com/NewYorkDentalOffice/,,,,,2026-03-24T03:21:06.118500,2026-03-24T03:21:24.906148,,,,,,,,,,,,,,,,,
81,Midtown Dental Care Associates,Google Maps,https://www.pearldentalnyc.com/,+1 212-344-9317,info@pearldentalnyc.com,https://www.facebook.com/pearldentalnyc,https://www.instagram.com/pearldentalnyc/,,,,2026-03-24T03:22:37.375443,2026-03-24T03:22:37.375443,,,,,,,,,,,,,,,,,
82,Les Belles NYC Dentistry,Google Maps,https://www.midtowndentalcareassociates.com/?utm_source=gmb&utm_medium=organic,+1 212-685-4730,smiles@midtowndentalcareassociates.com,https://www.facebook.com/midtowndentalcareassociates/,https://www.instagram.com/mdca_dentists/,,,,2026-03-24T03:23:07.788253,2026-03-24T03:23:07.788253,,,,,,,,,,,,,,,,,
83,Sky Dental,Google Maps,https://www.lesbellesnyc.com/,+1 212-804-8884,info@lesbellesnyc.com,https://www.facebook.com/LesBellesNYC/,https://www.instagram.com/lesbellesnyc/,,,,2026-03-24T03:23:42.054800,2026-03-24T03:23:42.054800,,,,,,,,,,,,,,,,,
84,Maiden Lane Dental - Financial District NYC,Google Maps,https://skydentalnyc.com/?utm_campaign=gmb,+1 212-600-1996,contactus@skydentalnyc.com,https://www.facebook.com/skydentalnyc/,https://www.instagram.com/skydentalnyc/,,,,2026-03-24T03:23:59.431672,2026-03-24T03:23:59.431672,,,,,,,,,,,,,,,,,
85,Smile Arts of NY,Google Maps,https://172nycdental.com/?utm_source=google&utm_medium=organic&utm_campaign=gmb,+1 646-921-5541,info@172nycdental.com,https://www.facebook.com/209nycDentist/,https://www.instagram.com/172nycdental/,,,,2026-03-24T03:24:28.007631,2026-03-24T03:24:28.007631,,,,,,,,,,,,,,,,,
86,Tribeca Dental Care,Google Maps,https://www.sohodentalgroup.com/?utm_campaign=gmb&utm_medium=organic&utm_source=gmb,+1 212-878-7646,,https://www.facebook.com/sohodentalgroup/,https://www.instagram.com/sohodentalgroup/?hl=en,,,,2026-03-24T03:24:59.957436,2026-03-24T03:25:14.819112,,,,,,,,,,,,,,,,,
87,NYC Smile Spa,Google Maps,https://tribecanydentistoffice.com/,+1 212-431-4582,,https://www.facebook.com/TribecaDentalCare/,https://www.instagram.com/tribecadentalcare/,,,,2026-03-24T03:25:39.004052,2026-03-24T03:25:39.004052,,,,,,,,,,,,,,,,,
88,Smile Cafe Dental Spa,Google Maps,https://www.nycsmilespa.com/,+1 646-374-2242,,https://www.facebook.com/NYCSmileSpa/,https://www.instagram.com/nycsmilespa/,,,,2026-03-24T03:28:25.764803,2026-03-24T03:28:25.764803,,,,,,,,,,,,,,,,,
89,Expert Dental - Midtown,Google Maps,http://www.smilecafeny.com/,+1 212-779-7743,nysmiles05@yahoo.com,https://www.facebook.com/profile.php?id=100094358854448,https://www.instagram.com/smilecafedentalspa_nyc,,,,2026-03-24T03:28:42.396269,2026-03-24T03:28:42.396269,,,,,,,,,,,,,,,,,
90,Village Dental NYC,Google Maps,https://www.expertdentalnyc.com/,+1 212-763-3383,,https://www.facebook.com/ExpertDental,https://www.instagram.com/expertdentalnyc/,,,,2026-03-24T03:28:55.302613,2026-03-24T03:28:55.302613,,,,,,,,,,,,,,,,,
91,212 Dental Care,Google Maps,https://villagedentalnyc.com/,+1 332-230-4916,,,,,,,2026-03-24T03:29:01.857221,2026-03-24T03:29:01.857221,,,,,,,,,,,,,,,,,
92,City Dental Group NYC,Google Maps,http://212dentalcare.com/,+1 888-506-9583,,https://facebook.com/212dentalcare,https://instagram.com/212dentalcare_nyc,,,,2026-03-24T03:29:14.193649,2026-03-24T03:29:20.476545,,,,,,,,,,,,,,,,,
93,New York Family Dental Arts,Google Maps,https://citydentalnyc.com/?utm_source=gbp&utm_medium=organic&utm_campaign=gbp-listing,+1 212-425-0505,info@citydentalnyc.com,https://facebook.com/citydentalnyc,https://www.instagram.com/citydentalpc/,,,,2026-03-24T03:29:31.309587,2026-03-24T03:29:31.309587,,,,,,,,,,,,,,,,,
94,Midtown Dental Group Upper East Side,Google Maps,https://midtowndentalgroup.com/locations/uppereastside/,+1 212-588-1809,,,,,,,2026-03-24T03:29:49.760181,2026-03-24T03:29:49.760181,,,,,,,,,,,,,,,,,
95,Luxury & Cosmetic Dentistry NYC,Google Maps,https://www.luxurydentistrynyc.com/?utm_source=gbp&utm_medium=organic&utm_campaign=gbp-listing,+1 332-249-8248,,,,,,,2026-03-24T03:29:57.405747,2026-03-24T03:29:57.405747,,,,,,,,,,,,,,,,,
96,Dentique NYC,Google Maps,https://www.dentiquenyc.com/,+1 212-889-8870,info@dentiquenyc.com,https://www.facebook.com/dentiquenyc/,https://www.instagram.com/dentiquenyc/,,,,2026-03-24T03:30:10.231559,2026-03-24T03:30:10.231559,,,,,,,,,,,,,,,,,
97,Smile Design Manhattan,Google Maps,https://www.smiledesignmanhattan.com/?utm_source=gmb_auth,+1 646-278-4579,,,https://www.instagram.com/smiledesignmanhattan/,,,,2026-03-24T03:30:17.260761,2026-03-24T03:30:17.260761,,,,,,,,,,,,,,,,,
98,Soho Smile - Cosmetic Dentist NYC,Google Maps,https://www.sohosmile.com/?utm_source=google&utm_medium=organic&utm_campaign=gmb,+1 212-334-7330,,,,,,,2026-03-24T03:30:22.943849,2026-03-24T03:30:22.943849,,,,,,,,,,,,,,,,,
99,Advanced Dental Arts NYC,Google Maps,https://advanceddentalartsnyc.com/,+1 212-388-1170,info@advanceddentalartsnyc.com,https://www.facebook.com/advanceddentalartsnyc/,https://www.instagram.com/advanceddentalarts/,,,,2026-03-24T03:30:34.062211,2026-03-24T03:30:34.062211,,,,,,,,,,,,,,,,,
100,54th Street Dental,Google Maps,https://54thstreetdental.com/,+1 212-333-3200,54stdental@gmail.com,https://www.facebook.com/54thStDental/,,,,,2026-03-24T03:30:49.107830,2026-03-24T03:30:49.107830,,,,,,,,,,,,,,,,,
101,Gramercy Dental NYC,Google Maps,https://gramercydental.nyc/,+1 212-614-2662,,https://www.facebook.com/gramercydentalnyc,https://www.instagram.com/drfrancineestrada/,,,,2026-03-24T03:30:57.530953,2026-03-24T03:30:57.530953,,,,,,,,,,,,,,,,,
102,Midtown Dental Group Fashion District,Google Maps,http://www.mynyc-dentist.com/,+1 212-867-8862,,https://www.facebook.com/people/My-NYC-Dentist/61578140970232/?mibextid=wwXIfr&rdid=NqDgJsLU25dgJYCH&share_url=https%3A%2F%2Fwww.facebook.com%2Fshare%2F1B5QRsdNBJ%2F%3Fmibextid%3DwwXIfr,https://www.instagram.com/my_nyc_dentist/,,,,2026-03-24T03:31:07.637792,2026-03-24T03:31:11.512718,,,,,,,,,,,,,,,,,
103,Modern Dental of Manhattan,Google Maps,http://www.midtowndentalgroup.com/,+1 212-730-4440,jerseycity@midtowndentalgroup.com,,https://www.instagram.com/midtowndentalgroup/,,,,2026-03-24T03:31:56.011557,2026-03-24T03:31:56.011557,,,,,,,,,,,,,,,,,
104,Lux Smiles NYC,Google Maps,https://www.luxsmilesnyc.com/,+1 332-244-4066,office@luxsmilesnyc.com,,,https://www.linkedin.com/in/nicole-khalife-65418981/,,,2026-03-24T03:32:05.237335,2026-03-24T03:32:05.237335,,,,,,,,,,,,,,,,,
105,"Manhattan Dental Spa: John Vargas DDS, Allison Gordon DMD, & Mitchell Charnas DMD",Google Maps,https://manhattandentalspa.com/?utm_source=gmb&utm_medium=organic,+1 212-683-2530,dentalspamanager@gmail.com,https://www.facebook.com/manhattandentalspa,https://www.instagram.com/manhattandentalspa/,,,,2026-03-24T03:32:15.038353,2026-03-24T03:32:15.038353,,,,,,,,,,,,,,,,,
106,Beautiful Smiles Dental Associates,Google Maps,https://www.beautifulsmilesdentalassociates.com/,+1 516-715-5650,,https://www.facebook.com/bsda1212,https://www.instagram.com/beautifulsmilesdentalny/,,,,2026-03-24T03:32:26.486879,2026-03-24T03:32:26.486879,,,,,,,,,,,,,,,,,
107,Aesthetic Dentistry of Great Neck,Google Maps,http://www.aestheticdentistrygreatneck.com/,+1 516-482-7566,,https://www.facebook.com/aestheticdentistryofgreatneck,https://www.instagram.com/aestheticdentistryofgreatneck/,,,,2026-03-24T03:32:44.588428,2026-03-24T03:32:44.588428,,,,,,,,,,,,,,,,,
108,A&E Dental - Dentist in Floral Park,Google Maps,https://dentistfloralpark.com/,+1 718-343-2802,,https://www.facebook.com/profile.php?id=61575109332739,https://www.instagram.com/a.e_dental/,,,,2026-03-24T03:32:54.828100,2026-03-24T03:32:54.828100,,,,,,,,,,,,,,,,,
109,New York Dental Group,Google Maps,http://newyorkdentalgrp.com/,+1 212-989-5253,%20info@nydg245.com,,,,,,2026-03-24T03:33:04.732921,2026-03-24T03:33:04.732921,,,,,,,,,,,,,,,,,
110,CANAL DENTAL GROUP,Google Maps,https://www.canaldentalgroup.com/,+1 212-966-3649,canaldentalgroup@gmail.com,https://www.facebook.com/canaldentalgroup?fref=ts,,,,,2026-03-24T03:33:18.979139,2026-03-24T03:33:18.979139,,,,,,,,,,,,,,,,,
111,ORAL Dental Studio NYC,Google Maps,https://oraldentalstudio.com/,+1 646-663-7633,info@oraldentalstudio.com,https://www.facebook.com/profile.php?id=61554393661550,https://www.instagram.com/oralnyc/,https://www.linkedin.com/company/oraldentalnyc/?lipi=urn%3Ali%3Apage%3Ad_flagship3_search_srp_all%3Be1BKvXrrQ6Klt5UVLGAsSw%3D%3D,,,2026-03-24T03:33:34.684539,2026-03-24T03:33:34.684539,,,,,,,,,,,,,,,,,
112,Sunny Dental Care,Google Maps,http://www.sunnydental.us/?utm_campaign=gmb&utm_medium=organic&utm_source=gmb,+1 212-842-5300,,,,,,,2026-03-24T03:33:43.661549,2026-03-24T03:33:43.661549,,,,,,,,,,,,,,,,,
113,Preferred Dental Care - Chelsea Dentist,Google Maps,https://www.preferreddentalcare.com/locations/chelsea-ny-location,+1 212-594-7171,,,,,,,2026-03-24T03:33:47.794740,2026-03-24T03:33:47.794740,,,,,,,,,,,,,,,,,
114,Zen Dentistry - FiDi,Google Maps,http://www.zendentistrynyc.com/,+1 646-604-5700,,,,,,,2026-03-24T03:33:50.563030,2026-03-24T03:33:50.563030,,,,,,,,,,,,,,,,,
115,Smile Lab Dentistry Union Square,Google Maps,https://smilelabny.com/?utm_campaign=gbp-listing,+1 332-286-4318,colinsmilelab@gravitydental.com,https://www.facebook.com/smilelabnyc/,https://www.instagram.com/smile.lab.nyc/,,,,2026-03-24T03:33:59.813377,2026-03-24T03:33:59.813377,,,,,,,,,,,,,,,,,
116,"Martin Man DMD, Astha Patel DDS",Google Maps,http://twobridgesdentist.com/,+1 212-962-1305,mmandmd@gmail.com,https://www.facebook.com/MartinManDMDNY/,https://www.instagram.com/twobridgesdentist/,,,,2026-03-24T03:34:15.711046,2026-03-24T03:34:15.711046,,,,,,,,,,,,,,,,,
117,Beyond Wow Plumbing & Drains,Google Maps,https://beyondwow.com/?utm_campaign=gmb&utm_medium=gbp-austin&utm_source=google,+1 512-601-6173,Badge@3x-1.png,https://www.facebook.com/beyondwowplumbing,https://www.instagram.com/beyondwowplumbing,https://www.linkedin.com/company/beyondwowplumbing,,,2026-03-26T01:46:11.435659,2026-03-26T01:46:11.435659,"3432 Greystone Dr, Austin, TX 78731, United States",Austin,TX,78731,,4.8,"2,315",,https://www.youtube.com/@beyondwowplumbing,,,,,,,,
118,Rooter-Man Plumbing Austin TX,Google Maps,http://rooterman.com/austin/,+1 512-720-7092,,,,,,,2026-03-26T01:46:21.832968,2026-03-26T01:46:21.832968,"15503 Patrica St, Austin, TX 78728, United States",Austin,TX,15503,,4.9,"1,186",,,,,,,,,,
119,Daniel's Plumbing and Air Conditioning,Google Maps,https://www.danielsaustin.com/?utm_source=GMB&utm_medium=organic&utm_campaign=austin,+1 512-456-3570,,https://www.facebook.com/danielsaustintx/,https://www.instagram.com/danielsaustintx/,,,,2026-03-26T01:46:44.018474,2026-03-26T01:46:44.018474,"2929 Longhorn Blvd #105, Austin, TX 78758, United States",Austin,TX,78758,,4.7,"2,786",,,"
Open 24 hours

See more hours

",,,,,,,
120,Reliant Plumbing - Austin,Google Maps,https://reliantplumbing.com/plumbing-projects-austin/?utm_source=google&utm_medium=website&utm_campaign=sagbp&utm_id=southaustin-GBP,+1 512-675-4220,cropped-Reliant-Plumbing-Logo@0.75x-180x180.png,https://www.facebook.com/ReliantPlumbingTx,https://www.instagram.com/reliant_plumbing_tx/,,,,2026-03-26T01:47:17.791064,2026-03-26T01:47:17.791064,"12111 Menchaca Rd, Austin, TX 78748, United States",Austin,TX,12111,,4.7,"1,461",,https://www.youtube.com/channel/UC6sOp-XAWD1NwU6aosEHEPA,"
Open 24 hours

See more hours

",,,,,,,
121,1st Home & Commercial Services,Google Maps,https://www.1sthomeandcommercialservices.com/,+1 512-282-7787,user@domain.com,https://www.facebook.com/call1sthome/,https://www.instagram.com/1sthomeplumbing/,,,,2026-03-26T01:47:36.060189,2026-03-26T01:47:36.060189,"630 Ralph Ablanedo Dr Bldg 1, Austin, TX 78748, United States",Austin,TX,78748,,4.8,798,,,"
Open 24 hours

See more hours

",,,,,,,
122,Reliant Plumbing,Google Maps,https://reliantplumbing.com/?utm_source=google&utm_medium=website&utm_campaign=hqgbp&utm_id=beecave-GBP,+1 512-222-6029,cropped-Reliant-Plumbing-Logo@0.75x-180x180.png,https://www.facebook.com/ReliantPlumbingTx,https://www.instagram.com/reliant_plumbing_tx/,,,,2026-03-26T01:48:02.373969,2026-03-26T01:48:02.373969,"3841 Ranch Rd 620 S, Austin, TX 78738, United States",Austin,TX,78738,,4.7,"2,876",,https://www.youtube.com/channel/UC6sOp-XAWD1NwU6aosEHEPA,"
Open 24 hours

See more hours

",,,,,,,
123,Clarke Kent Plumbing,Google Maps,https://www.clarkekentplumbing.com/?utm_source=gmb&utm_medium=organic&utm_campaign=website,+1 512-477-2200,dispatch@clarkekentplumbing.com,https://www.facebook.com/Clarke-Kent-Plumbing-2188073541406494/,https://www.instagram.com/clarkekentplumbing/,https://www.linkedin.com/company/clarke-kent-plumbing/,,,2026-03-26T01:48:28.590074,2026-03-26T01:48:28.590074,"1408 W Ben White Blvd, Austin, TX 78704, United States",Austin,TX,78704,,4.5,568,,,,,,,,,,
124,"Radiant Plumbing, Air Conditioning, & Electrical",Google Maps,https://radiantplumbing.com/austin/?utm_source=google&utm_medium=businesslisting&utm_campaign=atx-brand_gmb_1023&utm_content=atx-brand,+1 512-690-4935,,,,,,,2026-03-26T01:48:38.882170,2026-03-26T01:48:38.882170,"901 Reinli St, Austin, TX 78751, United States",Austin,TX,78751,,4.8,"16,515",,,"
Open 24 hours

See more hours

",,,,,,,
125,"Blue Dragon Plumbing, LLC",Google Maps,http://www.bluedragonplumbing.com/,+1 512-947-2491,,https://www.facebook.com/bluedragonplumbing,,,,,2026-03-26T01:48:55.776203,2026-03-26T01:48:55.776203,"12205 Antoinette Pl, Austin, TX 78727, United States",Austin,TX,12205,,4.8,99,,,,,,,,,,
126,AAA AUGER Plumbing Services,Google Maps,https://www.aaa-auger.com/austin/,+1 512-928-0467,austin@aaa-auger.comger.com,https://www.facebook.com/AAAAuger/,https://www.instagram.com/aaaauger,https://www.linkedin.com/company/321863/,,,2026-03-26T01:49:04.558264,2026-03-26T01:49:04.558264,"8234 Ferguson Cutoff, Austin, TX 78724, United States",Austin,TX,78724,,4.7,337,https://x.com/aaaauger,https://www.youtube.com/channel/UClU2wnkkjQv54f7xzWuAd3g?feature=emb_ch_name_ex,,,,,,,,
127,Austin Plumbery,Google Maps,http://www.austinplumbery.com/,+1 512-766-1519,hello@austinplumbery.com,https://www.facebook.com/AustinPlumbery/,https://www.instagram.com/austinplumbery/,,,,2026-03-26T01:49:22.668796,2026-03-26T01:49:22.668796,,,,,,4.8,224,,,,,,,,,,
128,ABC Home & Commercial - Plumbing Services Department,Google Maps,https://www.abchomeandcommercial.com/austin/plumbing?utm_source=gmb&utm_medium=organic&utm_campaign=aus-plumber,+1 512-220-7667,,https://www.facebook.com/MyABCTexas,https://www.instagram.com/abc.texas/,,,,2026-03-26T01:49:38.911482,2026-03-26T01:49:38.911482,"9475 US-290, Austin, TX 78724, United States",Austin,TX,78724,,4.9,"1,005",https://twitter.com/MyABCTexas,https://www.youtube.com/@houstonanteater,,,,,,,,
129,Roto-Rooter Plumbing & Water Cleanup,Google Maps,https://www.rotorooter.com/austin/?utm_source=Google&utm_medium=organic&utm_campaign=gmb&utm_content=website,+1 512-255-2505,,https://www.facebook.com/RotoRooterAustin/,https://www.instagram.com/rotorooterplumbing/,https://www.linkedin.com/company/roto-rooter,,,2026-03-26T01:50:13.916280,2026-03-26T01:50:13.916280,"2324 Ridgepoint Dr a, Austin, TX 78754, United States",Austin,TX,78754,,4.7,,https://x.com/rotorooter,https://www.youtube.com/user/RotoRooterTV,,,,,,,,
130,Austin Plumbing,Google Maps,https://myaustinplumber.com/,+1 512-900-4663,,,,,,,2026-03-26T01:50:52.782749,2026-03-26T01:50:52.782749,"5115 N Lamar Blvd Suite 100, Austin, TX 78751, United States",Austin,TX,78751,,4.8,,,,,,,,,,,
131,"Economy Plumbing Services, LLC",Google Maps,https://www.plumbersthatcare.com/?utm_source=google&utm_medium=organic&utm_campaign=gmb,+1 512-233-6590,john@example.com,https://www.facebook.com/econoplumbing,https://www.instagram.com/plumbersthatcare_atx,,,,2026-03-26T01:51:07.409064,2026-03-26T01:51:07.409064,"701 Tillery St, Austin, TX 78702, United States",Austin,TX,78702,,4.6,,,,,,,,,,,
132,EZ Flow Plumbing,Google Maps,https://www.ezflowplumbingtexas.com/,+1 512-699-0083,bill@ezflowplumbingtexas.com,https://www.facebook.com/pages/biz/plumber/EZ-Flow-Plumbing-778249445554253/,,,,,2026-03-26T01:51:43.275193,2026-03-26T01:51:43.275193,"1914 W Howard Ln, Austin, TX 78728, United States",Austin,TX,78728,,4.9,,,,,,,,,,,
133,Austin's Greatest Plumbing,Google Maps,https://austinsgreatestplumbing.com/,+1 512-377-9919,austinsgreatestplumbing@gmail.com,https://www.facebook.com/profile.php?id=61556916315095,,,,,2026-03-26T01:52:10.946615,2026-03-26T01:52:10.946615,"2210 Melissa Oaks Ln, Austin, TX 78744, United States",Austin,TX,78744,,5.0,,,,,,,,,,,
134,Plumbing Outfitters,Google Maps,https://plumbingoutfitters.com/austin/?utm_source=google&utm_medium=organic&utm_campaign=local+listings,+1 512-309-5406,ashley@plumbingoutfitters.com,https://www.facebook.com/Plumbingoutfitters,https://www.instagram.com/plumbingoutfitters,https://www.linkedin.com/company/plumbing-outfitters/,,,2026-03-26T01:52:34.641269,2026-03-26T01:52:34.641269,"9415 Burnet Rd Suite 110, Austin, TX 78758, United States",Austin,TX,78758,,4.9,331,,https://www.youtube.com/@plumbingoutfitters6585,,,,,,,,
135,Fast Plumbing LLC,Google Maps,https://www.fastplumbing.com/?utm_source=GMB&utm_medium=organic&utm_campaign=austin,+1 512-928-0378,,https://www.facebook.com/fastplumbing,,,,,2026-03-26T01:52:59.963504,2026-03-26T01:52:59.963504,"6200 N Farm to Market Rd 973, Austin, TX 78724, United States",Austin,TX,78724,,4.1,127,https://twitter.com/FastPlumbingATX,,,,,,,,,
136,"Moore & More Plumbing, LLC.",Google Maps,http://www.mooremoreplumbing.com/,+1 512-445-5212,,,,,,,2026-03-26T01:53:24.408659,2026-03-26T01:53:24.408659,"1816 Bissel Ln, Austin, TX 78745, United States",Austin,TX,78745,,4.8,264,,,,,,,,,,
137,"Champion Cooling, Heating & Plumbing",Google Maps,https://www.championacaustin.com/service-areas/austin/?utm_source=google-gbp&utm_medium=organic&utm_campaign=*60*champion-ac-austin,+1 512-595-3473,,,,,,,2026-03-26T01:53:39.002324,2026-03-26T01:53:39.002324,"1106 Smith Rd Suite 102, Austin, TX 78721, United States",Austin,TX,78721,,4.8,"3,198",,,,,,,,,,
138,Fox Service Company,Google Maps,https://www.foxservice.com/,+1 512-488-1120,,https://www.facebook.com/FoxServiceCompany/,https://www.instagram.com/foxserviceco/,,,,2026-03-26T01:54:01.953076,2026-03-26T01:54:01.953076,"1506 Ferguson Ln Suite #102, Austin, TX 78754, United States",Austin,TX,78754,,4.8,"5,172",,https://www.youtube.com/channel/UCYtaePMIPJJLqrzk8tEfWgw,,,,,,,,
139,Plumb & Order,Google Maps,http://www.plumbandorder.com/,+1 512-900-0054,plumbandorder@gmail.com,https://www.facebook.com/profile.php?id=100045936024600,,,,,2026-03-26T01:54:26.595829,2026-03-26T01:54:26.595829,,,,,,5.0,301,,https://www.youtube.com/channel/UC1upGjBfz-ZPHe3gH5a17VA,,,,,,,,
140,A DeaL Plumbing & Sons,Google Maps,https://getadealplumbing.com/,+1 512-276-7030,,https://www.facebook.com/Adeal-Plumbing-115771125151248/,,,,,2026-03-26T01:54:44.704472,2026-03-26T01:54:44.704472,,,,,,4.8,50,,,,,,,,,,
141,"Stan's Heating, Air, Plumbing & Electrical",Google Maps,https://www.stansac.com/?utm_source=GMB&utm_medium=organic&utm_campaign=GMB,+1 512-200-7614,,https://www.facebook.com/stansac/reviews/?ref=page_internal,https://www.instagram.com/stansofaustin/,,,,2026-03-26T01:55:00.224209,2026-03-26T01:55:00.224209,"6016 Dillard Cir, Austin, TX 78752, United States",Austin,TX,78752,,4.7,"6,139",https://twitter.com/stans_ac/,https://www.youtube.com/@Stansac/playlists,,,,,,,,
142,"Abacus Plumbing, Air Conditioning, & Electrical",Google Maps,https://www.abacusplumbing.com/?utm_campaign=gmb_ab-atx_home_everyone_gmb-austin&utm_medium=gmb&utm_source=google,+1 512-943-7070,info@abacusplumbing.com,https://www.facebook.com/Abacusplumbingaustin,,,,,2026-03-26T01:55:22.208507,2026-03-26T01:55:22.208507,"2106 Denton Dr, Austin, TX 78758, United States",Austin,TX,78758,,4.8,"5,894",https://twitter.com/AustinAbacus,https://www.youtube.com/channel/UCV6mgkIs_kUEYZchUjjAvNA,,,,,,,,
143,"Al Mac Plumbing & Gas, LLC",Google Maps,https://www.almacatxplumbing.com/,+1 512-645-8578,almac.atx@gmail.com,https://www.facebook.com/almac.plumbing.7,https://www.instagram.com/almac.atx/,,,,2026-03-26T01:55:38.576005,2026-03-26T01:55:38.576005,"10415 Old Manchaca Rd #205, Austin, TX 78748, United States",Austin,TX,10415,,5.0,172,,,,,,,,,,
144,Magic Plumbing ATX,Google Maps,https://www.magicplumbingatx.com/,+1 512-228-9421,c183baa23371454f99f417f6616b724d@sentry.wixpress.com,https://www.facebook.com/Magicplumbingatx,https://www.instagram.com/magicplumbingatx,https://www.linkedin.com/company/magicmechanical,,,2026-03-26T01:55:57.156984,2026-03-26T01:55:57.156984,"2122 Oxford Ave, Austin, TX 78704, United States",Austin,TX,78704,,4.9,125,https://www.magicplumbingatx.com/residential-plumbing,,,,,,,,,
145,Pecan Street Plumbing,Google Maps,http://callpecan.com/,+1 737-637-3999,c183baa23371454f99f417f6616b724d@sentry.wixpress.com,https://www.facebook.com/profile.php?id=61558019023956,https://www.instagram.com/pecanstreetplumbing/,https://www.linkedin.com/company/101765109/admin/feed/posts/,,,2026-03-26T01:56:15.348856,2026-03-26T01:56:15.348856,,,,,,5.0,111,,,,,,,,,,
146,SALT Plumbing Air & Electric,Google Maps,https://callsalt.com/?utm_source=GBP&utm_medium=organic&utm_campaign=austin,+1 737-386-9507,,https://www.facebook.com/salthomeservices,https://www.instagram.com/callsalt/,https://www.linkedin.com/company/salt-plumbing-air-and-electric/,,,2026-03-26T01:56:41.543807,2026-03-26T01:56:41.543807,"901 S MoPac Expy, Austin, TX 78746, United States",Austin,TX,78746,,4.9,"1,444",,https://www.youtube.com/channel/UCmrYd2sVS6ZExXHHs6sNuMQ,,,,,,,,
147,Benjamin Franklin Plumbing of Central Austin,Google Maps,https://www.benjaminfranklinplumbing.com/central-austin/,+1 512-331-3884,dispatchaustin@benfranklinplumbing.com, https://www.facebook.com/benfranklinplumbingcorp/ , https://www.instagram.com/benfranklinplumbingcorp/ ,,,,2026-03-26T01:57:09.170035,2026-03-26T01:57:09.170035,"1029 Reinli St Suite 4, Austin, TX 78723, United States",Austin,TX,78723,,4.7,155, https://twitter.com/BenFrankPlumber , https://www.youtube.com/channel/UCEb-D2xXGFaUeBKnHuwKDLw/featured ,,,,,,,,
148,We Plumb LLC,Google Maps,https://weplumbatx.com/,,zmecom.weplumb@gmail.com,https://www.facebook.com/WePlumbLLC/,,,,,2026-03-26T01:57:40.827746,2026-03-26T01:57:40.827746,,,,,,4.9,165,https://www.weplumbatx.com/about/,,,,,,,,,
149,TJ Plumber Austin,Google Maps,https://tjplumberaustin.com/,+1 512-661-7896,,https://www.facebook.com/profile.php?id=61557473997949,,https://www.linkedin.com/in/tj-plumber-austin-481369316/,,,2026-03-26T01:58:00.139086,2026-03-26T01:58:00.139086,"3605 Thompson St, Austin, TX 78702, United States",Austin,TX,78702,,4.6,22,https://x.com/TJPlumberAustin,https://www.youtube.com/@TJPlumberAustin,,,,,,,,
150,Thunderbird Plumbing Co.,Google Maps,http://bestaustinplumber.com/,+1 512-378-0566,,,,,,,2026-03-26T01:58:13.155948,2026-03-26T01:58:13.155948,"8646 Thunderbird Rd, Austin, TX 78736, United States",Austin,TX,78736,,4.4,33,,,,,,,,,,
151,Abel To Plumb LLC,Google Maps,https://www.abeltoplumb.com/,,c183baa23371454f99f417f6616b724d@sentry.wixpress.com,http://www.facebook.com/wix,,,,,2026-03-26T01:58:28.259841,2026-03-26T01:58:28.259841,"4618 E 7th St, Austin, TX 78702, United States",Austin,TX,78702,,4.8,23,http://www.twitter.com/wix,,,,,,,,,
152,McDowd Plumbing,Google Maps,https://www.mcdowdplumbing.com/,+1 737-419-6916,,https://www.facebook.com/mcdowdplumbing,,,,,2026-03-26T01:58:46.741841,2026-03-26T01:58:46.741841,"1405 Beckett St, Austin, TX 78757, United States",Austin,TX,78757,,5.0,50,,,,,,,,,,
153,Cold Is On The Right Plumbing & Air,Google Maps,https://www.coldisontheright.com/,+1 512-271-2172,,https://www.facebook.com/ColdisontheRight/,https://www.instagram.com/coldisontheright/,,,,2026-03-26T01:59:13.136810,2026-03-26T01:59:13.136810,"2111 N FM 620, Austin, TX 78734, United States",Austin,TX,78734,,4.8,246,https://x.com/coldsontheright,,,,,,,,,
154,Greenwize Plumbing,Google Maps,http://www.greenwizeplumbing.net/,+1 737-216-8866,%67%72%65%65%6e%77%69%7a%65%70%6c%75%6d%62%69%6e%67@%67%6d%61%69%6c.%63%6f%6d,,,,,,2026-03-26T01:59:34.811671,2026-03-26T01:59:34.811671,,,,,,4.3,41,,,,,,,,,,
155,Chase LLC,Google Maps,https://www.chase.com/,+1 512-890-2933,,https://www.facebook.com/chase,https://instagram.com/chase,https://www.linkedin.com/company/chase?trk=company_logo,,,2026-03-26T02:00:00.045037,2026-03-26T02:00:00.045037,"515 N Congress Ave #5700, Austin, TX 78701, United States",Austin,TX,78701,,4.8,117,https://twitter.com/Chase,,,,,,,,,
156,Proven Plumbing & Air,Google Maps,https://www.callproven.com/,+1 512-775-1234,customerservice@provenplumbing.com,https://www.facebook.com/provenplumbingservice,https://www.instagram.com/proven_plumbing_service/,,,,2026-03-26T02:00:13.879299,2026-03-26T02:00:13.879299,"300 Brushy Creek Rd Suite 402, Cedar Park, TX 78613, United States",Cedar Park,TX,78613,,4.9,"2,780",https://x.com/proven_plumbing,,,,,,,,,
157,Accurate Leak and Line - Austin,Google Maps,https://www.accurateleak.com/austin/,+1 512-222-4755,info@accurateleak.com,https://www.facebook.com/profile.php?id=61558257272673,,https://www.linkedin.com/company/accurate-leak-and-line,,,2026-03-26T02:00:37.509751,2026-03-26T02:00:37.509751,"7000 MoPac Expy Suite 200, Austin, TX 78731, United States",Austin,TX,78731,,4.8,151,,https://www.youtube.com/user/AccurateLeakandLine,,,,,,,,
158,Josco Supply & Showroom,Google Maps,http://joscoshowroom.com/,+1 512-832-0013,sales@joscoshowroom.com,https://www.facebook.com/pages/Josco-Bath-Kitchen-Showroom/436458536453354,https://www.instagram.com/joscosupplyandshowroom/,,,,2026-03-26T02:00:54.435806,2026-03-26T02:00:54.435806,"719 W Powell Ln, Austin, TX 78753, United States",Austin,TX,78753,,4.1,138,,,,,,,,,,
159,"Lantz Home Services, Plumbing - AC - Electrical",Google Maps,https://www.lantzhomeservices.com/,+1 512-710-1032,,https://www.facebook.com/LantzHomeServices#,https://www.instagram.com/lantzhomeservices/,,,,2026-03-26T02:01:14.400562,2026-03-26T02:01:14.400562,"1114 W 5th St STE 200, Austin, TX 78703, United States",Austin,TX,78703,,5.0,13,https://x.com/@lantzhomeservtx,https://youtube.com/@lantzhomeservicestx?si=PPYyplxZqfhBleTV,,,,,,,,
160,Possum Plumbing,Google Maps,https://www.plumbergeorgetowntx.com/,+1 512-872-5063,,,,,,,2026-03-26T02:01:26.652673,2026-03-26T02:01:26.652673,,,,,,4.3,27,,,,,,,,,,
161,"Home Run Home & Commercial Services, LLC",Google Maps,http://homerunhcs.com/,+1 512-537-2474,risaustin@gmail.com,https://www.facebook.com/homerunhcs,,,,,2026-03-26T02:01:55.777792,2026-03-26T02:01:55.777792,,,,,,4.5,24,,,,,,,,,,
162,"Turbo Plumbing , Air Conditioning, Electrical & HVAC Repair Services Austin",Google Maps,https://turbohomeservices.com/,+1 512-553-4999,Info@turboplumbing.net,https://www.facebook.com/TurboHomeServices/,https://www.instagram.com/turbohomeservices,,,,2026-03-26T02:02:29.467311,2026-03-26T02:02:29.467311,"3810 Speedway, Austin, TX 78751, United States",Austin,TX,78751,,4.8,34,,,"
Open 24 hours

See more hours

",,,,,,,
163,"Biggs Plumbing Co., Inc.",Google Maps,http://www.biggsplumbing.com/,+1 512-837-5955,service@biggsplumbing.com,,,,,,2026-03-26T02:03:00.799656,2026-03-26T02:03:00.799656,"1615 Dungan Ln, Austin, TX 78754, United States",Austin,TX,78754,,4.9,22,,,,,,,,,,
164,"Efficient AC, Electric & Plumbing",Google Maps,https://efficienttexas.com/?utm_source=google&utm_medium=organic&utm_campaign=website_link,+1 512-537-4700,marketing@efficienttexas.com,https://www.facebook.com/EfficientTexas,,,,,2026-03-26T02:03:31.868816,2026-03-26T02:03:31.868816,"10315 Metropolitan Dr Suite A, Austin, TX 78758, United States",Austin,TX,10315,,4.8,745,,https://www.youtube.com/@efficienttexas,,,,,,,,
165,UA Local 286 Plumbers & Pipefitters,Google Maps,http://www.local286.org/,+1 512-385-0002,,https://www.facebook.com/local286/,https://www.instagram.com/explore/locations/112590485/ua-local-286-plumbers-pipefitters/,,,,2026-03-26T02:03:49.693495,2026-03-26T02:03:49.693495,"814 Airport Blvd, Austin, TX 78702, United States",Austin,TX,78702,,4.3,31,https://twitter.com/UAPipeTrades,https://www.youtube.com/user/uaweb901,,,,,,,,
166,Goettl Air Conditioning and Plumbing - Austin TX,Google Maps,https://www.goettl.com/location/austin-texas/?utm_source=Google&utm_medium=GMB&utm_campaign=AUS.GMB_Google_Business_Profile,+1 512-991-2882,domains@goettl.com,https://www.facebook.com/Goettl,https://www.instagram.com/goettlacplumbing/,https://www.linkedin.com/authwall?trk=ripf&trkInfo=AQFOCz0jfHLuRQAAAXhLuTgIgPUkNL7ZD9RK6fXSoaWwl4MJNZMe7iNzpZPGcvs-NInpEMcIzEbk661txngOOkQNRbsbriwOZPsEW81dtvTqAsiDRpfbtmA0BnGnnhM2XAvVO6w=&originalReferer=https://www.goettl.com/&sessionRedirect=https%3A%2F%2Fwww.linkedin.com%2Fcompany%2Fgoettl%2F,,,2026-03-26T02:04:42.321783,2026-03-26T02:04:42.321783,"3600 Silver Dollar Cir, Austin, TX 78744, United States",Austin,TX,78744,,4.8,"3,715",,https://www.youtube.com/channel/UCBGzJ2yOVe0rENM4SpVj_Qw,,,,,,,,
167,Ruben's Plumbing Services,Google Maps,https://rubensplumbingservices.com/?utm_source=gbp&utm_medium=organic,+1 512-504-9502,,,,,,,2026-03-26T02:05:01.239172,2026-03-26T02:05:01.239172,,,,,,4.8,85,,,,,,,,,,
168,Brett & Sons Plumbing LLC,Google Maps,https://www.brettandsonsplumbing.com/,+1 512-890-3891,,,,,,,2026-03-26T02:05:14.267769,2026-03-26T02:05:14.267769,"9033 Research Blvd #8310, Austin, TX 78758, United States",Austin,TX,78758,,4.8,72,,,,,,,,,,
169,Elite Air Conditioning and Plumbing,Google Maps,https://eliteaustinac.com/?utm_source=gmb&utm_medium=local&utm_campaign=website,+1 512-637-4237,sc********@***********ac.com,https://www.facebook.com/austineliteac/,https://www.instagram.com/eliteaustinacplumb/,https://www.linkedin.com/company/elite-heating-and-air-conditioning-llc/,,,2026-03-26T02:05:28.322662,2026-03-26T02:05:28.322662,"7101 Burleson Rd, Austin, TX 78744, United States",Austin,TX,78744,,4.9,719,https://twitter.com/eliteaustinac,https://www.youtube.com/channel/UCibkrQCYICw4jRrl8TzsZiA,,,,,,,,
170,Ferguson Plumbing Supply,Google Maps,https://www.ferguson.com/store/tx/austin/plumbingpvf-0245?utm_source=google&utm_medium=organic&utm_campaign=rt_lis_listingtraffic&utm_content=listing,+1 512-651-5152,customer.support@ferguson.com.All,https://www.facebook.com/FergusonOfficial,,,,,2026-03-26T02:06:17.346413,2026-03-26T02:06:17.346413,"700 E St Elmo Rd, Austin, TX 78745, United States",Austin,TX,78745,,4.6,39,,,,,,,,,,
171,Ferguson,Google Maps,https://www.ferguson.com/store/tx/austin/plumbingpvf-1263?utm_source=google&utm_medium=organic&utm_campaign=rt_lis_listingtraffic&utm_content=listing,+1 512-371-9642,customer.support@ferguson.com.All,https://www.facebook.com/FergusonOfficial,,,,,2026-03-26T02:06:49.312052,2026-03-26T02:06:49.312052,"3811 Airport Blvd, Austin, TX 78722, United States",Austin,TX,78722,,4.2,46,,,,,,,,,,
172,Austin Area Plumbing,Google Maps,https://austinareaplumbingofroundrock.com/,+1 737-510-7479,,https://www.facebook.com/AustinAreaPlumber/,https://www.instagram.com/austinareaplumbing/,,,,2026-03-26T02:07:08.728434,2026-03-26T02:07:08.728434,"123 E Old Settlers Blvd, Round Rock, TX 78664, United States",Round Rock,TX,78664,,4.9,337,,,,,,,,,,
173,Reece Plumbing,Google Maps,https://www.reece.com/plumbing,+1 512-928-1110,,https://www.facebook.com/reeceusa,,https://www.linkedin.com/company/reece-limited/posts/?feedView=all,,,2026-03-26T02:07:39.566817,2026-03-26T02:07:39.566817,"8210 Springdale Rd, Austin, TX 78724, United States",Austin,TX,78724,,4.4,34,,,,,,,,,,
174,"Repipe Specialists - Austin, TX",Google Maps,https://austin.repipe.com/?&utm_source=google&utm_medium=local-listings&utm_campaign=tx-aus,+1 512-318-2043,,,,,,,2026-03-26T02:07:57.704848,2026-03-26T02:07:57.704848,,,,,,4.6,9,,,,,,,,,,
175,JB Plumbing LLC,Google Maps,http://www.jbplumbing512.com/,+1 512-663-3049,,,,,,,2026-03-26T02:08:09.392902,2026-03-26T02:08:09.392902,,,,,,5.0,8,,,,,,,,,,
176,Redbud Plumbing,Google Maps,https://www.redbudplumbing.com/,+1 512-992-0909,info@redbudplumbing.com,https://www.facebook.com/RedbudPlumbing,https://www.instagram.com/redbudplumbing/?hl=en,,,,2026-03-26T02:08:41.760843,2026-03-26T02:08:41.760843,"9705 Burnet Rd #605, Austin, TX 78758, United States",Austin,TX,78758,,4.8,45,,,,,,,,,,
177,Winsupply of Austin,Google Maps,https://www.winsupplyinc.com/Location/Austin-TX/78745/Plumbing-Supplies,+1 512-707-9466,,,,,,,2026-03-26T02:08:53.457572,2026-03-26T02:08:53.457572,"1307 Smith Rd Suite 2-474, Austin, TX 78721, United States",Austin,TX,78721,,4.5,46,,,,,,,,,,
178,PreFix Austin,Google Maps,https://www.prefixinc.com/,+1 512-831-4390,customer.support@prefixinc.com,https://www.facebook.com/PreFixInc/,,,,,2026-03-26T02:09:18.945165,2026-03-26T02:09:18.945165,"611 S Congress Ave, Austin, TX 78704, United States",Austin,TX,78704,,4.5,130,https://twitter.com/PreFixInc,,,,,,,,,
179,VZ Tech PRO Appliance repair & Handyman,Google Maps,http://instagram.com/vztechpro,+1 737-342-0072,,https://developers.facebook.com/docs/instagram,https://help.instagram.com/581066165581870/?locale=en_US,,,,2026-03-26T02:09:41.086128,2026-03-26T02:09:41.086128,"1907 E 2nd St, Austin, TX 78702, United States",Austin,TX,78702,,5.0,152,,,,,,,,,,
180,Wilson Plumbing,Google Maps,https://wilsonplumbingaustin.com/,+1 512-452-8223,,,,,,,2026-03-26T02:10:02.853799,2026-03-26T02:10:02.853799,"906 E 47th St, Austin, TX 78751, United States",Austin,TX,78751,,5.0,1,,,,,,,,,,
181,Gold Eagle Services,Google Maps,https://goldeagleservices.com/?utm_source=google&utm_medium=organic&utm_campaign=gbp,+1 512-489-4653,,https://www.facebook.com/GoldEagleServices,https://www.instagram.com/goldeagleservicesatx/,https://www.linkedin.com/company/gold-eagle-services-hvac/,,,2026-03-26T02:10:23.753072,2026-03-26T02:10:23.753072,"111 Congress Ave. STE 500, Austin, TX 78701, United States",Austin,TX,78701,,4.8,385,,,,,,,,,,
182,ET Plumbing,Google Maps,https://theetplumbing.com/,+1 512-826-1828,THEETPLUMBING@GMAIL.COM,https://www.facebook.com/ETplumbing?fref=nf,,,,,2026-03-26T02:10:57.465824,2026-03-26T02:10:57.465824,"551 S. IH-3 Floor 3 #033, Round Rock, TX 78664, United States",Round Rock,TX,78664,,5.0,190,,,,,,,,,,
183,THA Construction & Remodeling,Google Maps,https://thaconstruction.com/,+1 512-736-8585,thaconstructionatx@gmail.com,https://www.facebook.com/thaconstruction/,https://instagram.com/thaconstruction,https://www.linkedin.com/company/tha-construction-remodeling,,,2026-03-26T02:11:15.306384,2026-03-26T02:11:15.306384,"2021 Guadalupe St Suite 260, Austin, TX 78705, United States",Austin,TX,78705,,4.9,133,,https://youtube.com/@thaconstructionremodeling,,,,,,,,
184,Crownpoint Plumbco LLC,Google Maps,https://crownpointplumbco.com/,+1 512-758-6226,luciano@latinotype.com,,,,,,2026-03-26T02:11:28.732184,2026-03-26T02:11:28.732184,,,,,,5.0,6,,,,,,,,,,
185,Touchstone Plumbing Inc,Google Maps,http://www.touchstoneplumbing.com/,+1 512-442-6389,8eb368c655b84e029ed79ad7a5c1718e@sentry.wixpress.com,https://www.facebook.com/wix,,https://www.linkedin.com/company/wix-com,,,2026-03-26T02:11:45.476350,2026-03-26T02:11:45.476350,,,,,,3.7,22,,,,,,,,,,
186,Power Plumbing,Google Maps,http://www.powerlp.com/,+1 737-226-0104,,,,,,,2026-03-26T02:12:07.967982,2026-03-26T02:12:07.967982,"6935 Ryan Dr, Austin, TX 78757, United States",Austin,TX,78757,,5.0,4,,,,,,,,,,
187,4 Paws Plumbing,Google Maps,https://www.4pawsplumbing.com/?utm_source=GoogleAdPagesHomepage&utm_medium=GoogleAdPagesHomepage&utm_campaign=GoogleAdPagesHomepage&utm_id=GoogleAdPagesHomepage,+1 512-494-4761,johndoe@mail.com,https://facebook.com/4PawsPlumbing,,,,,2026-03-26T02:12:23.279445,2026-03-26T02:12:23.279445,,,,,,4.8,39,,,,,,,,,,
